<?xml version="1.0" encoding="utf-8" ?>
<dwsync>
<file name="dbconnection.php" server="C:/wamp64/www/loginsystem/" local="132817547775887532" remote="132817547770000000" />
<file name="NPV.php" server="C:/wamp64/www/loginsystem/" local="132819883595955407" remote="132819883590000000" />
<file name="welcome.php" server="C:/wamp64/www/loginsystem/" local="132819777325299104" remote="132819777320000000" />
<file name="Payback.php" server="C:/wamp64/www/loginsystem/" local="132817558302291962" remote="132817558300000000" />
<file name="homepag.jpg" server="C:/wamp64/www/loginsystem/" local="132816753162422487" remote="132816753160000000" />
<file name="index.php" server="C:/wamp64/www/loginsystem/" local="132819842720637911" remote="132819842720000000" />
<file name="payback34.php" server="C:/wamp64/www/loginsystem/" local="132817585515470198" remote="132817585510000000" />
<file name="Payback Calculator.php" server="C:/wamp64/www/loginsystem/" local="132819820905932004" remote="132819820900000000" />
<file name="NPV.js" server="C:/wamp64/www/loginsystem/" local="132819823239582803" remote="132819823230000000" />
<file name="NPV Process.php" server="C:/wamp64/www/loginsystem/" local="132817664332761425" remote="132817664330000000" />
<file name="Payback AJAX.js" server="C:/wamp64/www/loginsystem/" local="132819755645793812" remote="132819755640000000" />
<file name="Payback Process AJAX.php" server="C:/wamp64/www/loginsystem/" local="132819078857055756" remote="132819078850000000" />
<file name="npv_test.php" server="C:/wamp64/www/loginsystem/" local="132819746032689818" remote="132819746030000000" />
<file name="NPV Process AJAX.php" server="C:/wamp64/www/loginsystem/" local="132819887834227521" remote="132819887830000000" />
</dwsync>