<?xml version="1.0" encoding="utf-8" ?>
<dwsync>
<file name="bg.jpg" server="C:/wamp64/www/loginsystem/" local="132816753170417346" remote="132816753170000000" />
<file name="fb.png" server="C:/wamp64/www/loginsystem/" local="132816753169948583" remote="132816753160000000" />
<file name="twt.png" server="C:/wamp64/www/loginsystem/" local="132816753170104853" remote="132816753170000000" />
<file name="mail.png" server="C:/wamp64/www/loginsystem/" local="132816753169163220" remote="132816753160000000" />
<file name="lock.png" server="C:/wamp64/www/loginsystem/" local="132816753169631936" remote="132816753160000000" />
<file name="tick.png" server="C:/wamp64/www/loginsystem/" local="132816753168534214" remote="132816753160000000" />
<file name="top-note.png" server="C:/wamp64/www/loginsystem/" local="132816753169006926" remote="132816753160000000" />
<file name="top-lock.png" server="C:/wamp64/www/loginsystem/" local="132816753169475695" remote="132816753160000000" />
<file name="top-key.png" server="C:/wamp64/www/loginsystem/" local="132816753168690517" remote="132816753160000000" />
</dwsync>