<?xml version="1.0" encoding="utf-8" ?>
<dwsync>
<file name="weather.jpg" server="C:/wamp64/www/loginsystem/" local="132816753206249306" remote="132816753200000000" />
<file name="instagram.jpg" server="C:/wamp64/www/loginsystem/" local="132816753203263804" remote="132816753200000000" />
<file name="lorde.jpg" server="C:/wamp64/www/loginsystem/" local="132816753201537101" remote="132816753200000000" />
<file name="blog-bg.jpg" server="C:/wamp64/www/loginsystem/" local="132816753207347065" remote="132816753200000000" />
<file name="profile-01.jpg" server="C:/wamp64/www/loginsystem/" local="132816753207659544" remote="132816753200000000" />
<file name="profile-02.jpg" server="C:/wamp64/www/loginsystem/" local="132816753207190803" remote="132816753200000000" />
<file name="zoom.png" server="C:/wamp64/www/loginsystem/" local="132816753202962442" remote="132816753200000000" />
<file name="mask.png" server="C:/wamp64/www/loginsystem/" local="132816753207815782" remote="132816753200000000" />
<file name="ui-sam.jpg" server="C:/wamp64/www/loginsystem/" local="132816753201693462" remote="132816753200000000" />
</dwsync>